Song,Year,ID,Artists,Duration,Popularity,Danceability,Speechiness,Valence
How You Remind Me,2002,0gmbgwZ8iqyMPmXefof8Yf,Nickelback,223840,82,0.446,0.033,0.543
Foolish,2002,6zMUIb4uce1CzpbjR3vMdN,Ashanti,227386,75,0.665,0.0532,0.707
Hot in Herre,2002,04KTF78FFg8sOHC1BADqbY,Nelly,228240,78,0.956,0.12,0.912
Dilemma,2002,0ARK753YaiJbpLUk7z5yIM,Nelly,289160,79,0.727,0.14,0.607
Wherever you Will Go,2002,5QpaGzWp0hwB5faV8dkbAz,The Calling,208600,77,0.558,0.0267,0.371
A Thousand Miles,2002,4w1lzcaoZ1IC2K5TwjalRP,Vanessa Carlton,237493,78,0.56,0.0379,0.268
In the End,2002,60a0Rd6pjrkxjPbaKzXjfq,Linkin Park,216880,87,0.556,0.0584,0.4
What’s Luv?,2002,2mKouqwAIdQnMP43zxR89r,Fat Joe,267093,75,0.835,0.0598,0.919
U Got it Bad,2002,7J41dYQolQJEtj3UmKLu5r,USHER,247840,73,0.816,0.03,0.649
Blurry,2002,6lSr3iZTC144PKhvbPFzMp,Puddle Of Mudd,304000,67,0.431,0.0542,0.523
Complicated,2002,5xEM5hIgJ1jjgcEBfpkt2F,Avril Lavigne,244506,80,0.585,0.0459,0.427
Always on Time,2002,2lXJr5BkUPZpQUV2ZGN1Wv,Ja Rule,245866,66,0.832,0.209,0.853
Ain’t it Funny,2002,6LUr2QQla9sLekmdfJvDOS,Token,160565,35,0.508,0.262,0.142
The Middle,2002,6GG73Jik4jUlQCkKg9JuGO,Jimmy Eat World,165853,83,0.643,0.0526,0.903
I Need a Girl (Part One),2002,79oBWQeCrspVoCeVZ6Lrbr,Kay One,205040,38,0.825,0.137,0.873
U Don’t have to Call,2002,1LljLapsjkl6sXsLwZzI73,Erykah Badu,120053,44,0.89,0.0492,0.748
Family Affair,2002,3aw9iWUQ3VrPQltgwvN9Xu,Mary J. Blige,265866,79,0.911,0.0449,0.969
I Need a Girl (Part Two),2002,5fpujciVjGBhnR2XFx06E7,Kurdo,218600,58,0.935,0.209,0.813
Gangsta Lovin’,2002,0WgLpgUdThEpA5L5K0SKq7,Eve,239266,64,0.723,0.0608,0.827
My Sacrifice,2002,2VSbEXqs6NbNiZSTcHlIDR,Creed,294600,73,0.32,0.0504,0.257
Without Me,2002,7lQ8MOhq6IN2w8EYcFNSUk,Eminem,290320,88,0.908,0.0738,0.662
Hero,2002,4CbKVDZkYKdv69I4bCaKUq,Skillet,186813,74,0.533,0.0995,0.782
All You Wanted,2002,0kr6d8wHDQPlzuET33NVn6,Michelle Branch,217680,62,0.499,0.0286,0.652
Get the Party Started,2002,02jcEwywffn3Tsb48fXmlW,P!nk,192533,72,0.802,0.046,0.96
Hero,2002,4CbKVDZkYKdv69I4bCaKUq,Skillet,186813,74,0.533,0.0995,0.782
Wasting My Time,2002,5dpAN1mjFPL38kh9kWsCiw,Default,269306,59,0.449,0.0322,0.198
One Last Breath,2002,42T2QQv3xgBlpQxaSP7lnK,Creed,238240,74,0.386,0.0346,0.195
"Whenever, Wherever",2002,2lnzGkdtDj5mtlcOW2yRtG,Shakira,196160,80,0.794,0.0407,0.871
I’m Gonna Be Alright,2002,2UbFyKS0gTj9NcGLO4NpyZ,Jennifer Lopez,200200,41,0.843,0.157,0.791
Oh Boy,2002,4X1odWLrLSSahaK6Hi15AA,Cam'ron,204706,68,0.758,0.174,0.824
Heaven,2002,1HXy5I3HTWq8OvxCn0z7G7,Kane Brown,179506,74,0.677,0.0306,0.521
Hey Baby,2002,3rfhI32Il2hVRKDkuGeeen,Pitbull,234453,77,0.595,0.0884,0.762
Girlfriend,2002,45hOioMDJktr86iKDHC8gr,Avril Lavigne,216600,76,0.56,0.102,0.669
Just a Friend 2002,2002,2cxbxpHrND6i4uvUGVvC9J,Mario,214200,64,0.538,0.187,0.913
Soak up the Sun,2002,215JYyyUnrJ98NK3KEwu6d,Sheryl Crow,292306,65,0.717,0.0427,0.713
Don’t Let Me Get Me,2002,1BfRdnfPYrni7zj4ANodBX,P!nk,210693,63,0.624,0.0756,0.615
Nothin’,2002,01K4zKU104LyJ8gMb7227B,Taylor Swift,258812,76,0.606,0.0275,0.446
Oops (Oh My),2002,5Y0E3dOeynKuLDAXu0t0Bg,Tweet,237800,61,0.66,0.29,0.775
A Moment Like This,2002,4kvdX9zzsix7jYHsRVkVUH,Kelly Clarkson,228280,56,0.414,0.0311,0.16
Addictive,2002,36jSIOSE72neBbKntCthqw,Truth Hurts,226440,59,0.701,0.147,0.367
Happy,2002,3ZEno9fORwMA1HPecdLi0R,NF,242691,78,0.732,0.0415,0.221
No Such Thing,2002,0OlS52TmtK2gPaEtdmr7DN,Old Dominion,176893,65,0.651,0.0718,0.945
Just Like a Pill,2002,1BpV8IGf4XsRRJf4Xuui9q,P!nk,236600,70,0.689,0.0278,0.25
Down 4 U,2002,21iEEekDSvQjVARSQ4dpXY,Charli Baltimore,318213,47,0.64,0.32,0.519
Can’t Get You Out Of My Head,2002,2wleuQqalFImR8ltM9bVqJ,Kylie Minogue,231480,0,0.768,0.034,0.965
Superman (It’s not Easy),2002,3TwtrR1yNLY1PMPsrGQpOp,Five For Fighting,221693,69,0.382,0.0302,0.125
Cleanin’ out my Closet,2002,7BMO7O7ImjV8HNTH74Tshv,Eminem,297840,74,0.908,0.174,0.87
Halfcrazy,2002,3oXNIpoUMdk8qGkwCeXqGv,Musiq Soulchild,254493,61,0.412,0.18,0.418
"Lights, Camera, Action!",2002,4aKkhZmKHRqW1mYKI0VTtC,Tee Lopes,187800,58,0.585,0.0526,0.764
Still Fly,2002,563vSy3HB5NHxel1VGQCW6,Big Tymers,335613,66,0.675,0.162,0.56
A Woman’s Worth,2002,0rimetBQIYXE3uMCbuXBUa,Alicia Keys,303333,57,0.652,0.158,0.495
7 Days,2002,0gPQTLaqHDgdupKEok7J2x,Craig David,235133,72,0.659,0.0487,0.888
Hey Ma,2002,2fE1hcjUxlLxXrZusTEJlq,Cam'ron,220960,64,0.771,0.366,0.947
Work It,2002,3jagJCUbdqhDSPuxP8cAqF,Missy Elliott,263226,70,0.884,0.283,0.584
Move Bitch,2002,1Q9b6CeMcDuO0uq5OJCrqu,Ludacris,270866,63,0.777,0.141,0.174
Can’t Fight the Moonlight,2002,2AogRMqARWyUP7VQ3gmSoY,LeAnn Rimes,215506,69,0.628,0.0497,0.626
Escape,2002,5IMtdHjJ1OtkxbGe4zfUxQ,Rupert Holmes,276493,77,0.836,0.0548,0.949
More than a Woman,2002,49OMJ1prsRA7ZYgrAjz70c,Bee Gees,197213,75,0.632,0.0383,0.701
Hello Good,2002,0vZ97gHhemKm6c64hTfJNA,The Beatles,208840,60,0.479,0.0256,0.806
I Love You,2002,0NaUT74rJ0NHS62fewzatU,Odetari,126600,85,0.477,0.0334,0.0399
Gotta Get Thru This,2002,747tpec1a0Hfqvj2za1pBs,Daniel Bedingfield,161200,51,0.837,0.0631,0.912
Pass the Courvoisier Part II,2002,4SnTf4ixVZCfQtxHNhky0T,Busta Rhymes,238600,56,0.697,0.323,0.56
Lose Yourself,2002,5Z01UMMf7V1o0MzF86s6WJ,Eminem,326466,78,0.692,0.257,0.0612
Butterflies,2002,30VHURM5NOfoZmqp2iKawS,Kacey Musgraves,219053,68,0.689,0.0306,0.411
What About Us?,2002,0Qh38w01QRXK6KHIv0e3hb,P!nk,269600,77,0.491,0.0506,0.193
Underneath your Clothes,2002,15f8Cv8RXUlOOCIf2oaceN,Shakira,224066,67,0.616,0.0415,0.362
Rainy Dayz,2002,1F1XjwRzMh8KT2BvH6ISkG,Mary J. Blige,276360,52,0.476,0.191,0.525
Differences,2002,0Uyh92tLyb9JawG8lmWCzJ,Ginuwine,265533,69,0.562,0.0558,0.423
If I could Go!,2002,1PB6gllaq5kUUSpb5jzWjn,Angie Martinez,244466,45,0.592,0.354,0.699
The Whole World,2002,1mpSmPwWONa4LFdvpzcM7S,Tally Hall,104760,59,0.78,0.117,0.789
Underneath it All,2002,6fR6Z0Vc1K6yQWNUIKjAIR,No Doubt,302720,64,0.729,0.0682,0.838
Caramel,2002,67jvGGbJmOmVonlyX3mNkV,Ozuna,233160,76,0.755,0.154,0.586
Luv U Better,2002,7cGcyNd7NVvDIwCAQSbJLI,LL COOL J,286906,53,0.667,0.238,0.712
Gimme the Light,2002,5WavgurgGX48eZv1q1E3on,Sean Paul,228000,62,0.778,0.0525,0.923
Gone,2002,1hz7SRTGUNAtIQ46qiNv2p,"Tyler, The Creator",375386,77,0.518,0.193,0.471
Livin’ it Up,2002,7zjEyeBsaw9gV0jofJLfOM,Young Thug,210906,71,0.767,0.0798,0.765
Roll Out (My Business),2002,4SyadrABZJIjeND1HPJS31,Ludacris,296586,62,0.921,0.235,0.892
Here is Gone,2002,4KqTGPPmXowMPEoShSVOta,The Goo Goo Dolls,238173,59,0.338,0.0322,0.221
No More Drama,2002,7nWsh14AHpnTzq1Xejz90U,Mary J. Blige,326240,56,0.653,0.124,0.64
Days go By,2002,2jwaErbghhcia4JqUYWz3g,Keith Urban,224629,59,0.589,0.0365,0.76
Baby,2002,7yNf9YjeO5JXUE3JEBgnYc,Dominic Fike,97960,82,0.762,0.11,0.847
The Good Stuff,2002,1sR3kJi14jA8Gau3a0yXAo,Kenny Chesney,200440,59,0.612,0.0645,0.502
We Thuggin’,2002,2EcW94ak7kYH4mDMvI7iWg,Fat Joe,213533,38,0.896,0.208,0.822
Good Morning Beautiful,2002,0eHT8N5YQglv8cYYizXvSw,Steve Holy,210933,54,0.565,0.031,0.242
Rock the Boat,2002,0qvlhVNm7L5IWabWF5hlEL,Aaliyah,274733,70,0.637,0.0333,0.415
Drive (For Daddy Gene),2002,1FV374EPG5CrjdIbIMLkcv,Alan Jackson,242733,67,0.713,0.0413,0.511
Standing Still,2002,6a0e5Fb8cwz8pklTJOFGju,Jewel,270333,50,0.614,0.0337,0.341
Anything,2002,0qPHyYoGZeujrXNwNEvkQv,Hozier,225333,67,0.637,0.0872,0.595
Full Moon,2002,0uwNtbl80CvP4EFio32PYv,The Black Ghosts,231333,60,0.564,0.0262,0.555
Uh Huh,2002,6lF9MVbhNfe0EZcACAdaFM,Tinashe,182278,62,0.802,0.0365,0.498
A New Day has Come,2002,5fkDD7aQLUmMy1EwzNm0ZB,Céline Dion,259773,62,0.574,0.035,0.195
Turn Off the Light,2002,7dsImih2L25fa6qjNphBI7,Chris Lake,210546,68,0.824,0.0755,0.888
Living and Living Well,2002,3YxKqZFpcxBPvpUssL8FS2,George Strait,218306,39,0.602,0.0304,0.522
My List,2002,3vzmDjQ7E6gzAVg4ecp6XU,Toby Keith,199813,44,0.629,0.0323,0.341
Hands Clean,2002,2LVxvGhl2U5p2ql2ujc6vZ,Alanis Morissette,269400,59,0.513,0.0299,0.52
Sk8er Boi,2002,00Mb3DuaIH1kjrwOku9CGU,Avril Lavigne,204000,77,0.487,0.0482,0.484
Long Time Gone,2002,0JiX8NsRdCHm8GliFuf97V,The Chicks,249412,55,0.549,0.0311,0.819
Where Were You (When the World Stopped Turning),2002,4aOQG9TYcZOhT3sngkMI9K,Alan Jackson,305093,53,0.642,0.0322,0.186
Like I Love You,2002,6W2Ef5Ph6ILTUAedoQ3QIv,Justin Timberlake,283626,63,0.853,0.0646,0.9
I Do!!,2002,7FYH5AW3bVfZHJIQpq3UOA,Big Sean,284386,76,0.824,0.0613,0.395
In Da Club,2003,4RY96Asd9IefaL3X4LOLZ8,50 Cent,193466,76,0.902,0.347,0.805
Ignition,2003,5dNfHmqgr128gMY2tc5CeJ,R. Kelly,186066,69,0.795,0.0423,0.855
Get Busy,2003,6bK9BH9Ts8Gj5JFvnQkzak,Sean Paul,211666,78,0.741,0.0352,0.725
Crazy in Love,2003,5IVuqXILoxVWvWEPm82Jxr,Beyoncé,236133,80,0.646,0.226,0.681
When I’m Gone,2003,5902W4uHWzhtOff1UK7the,Alesso,161266,76,0.685,0.034,0.615
Unwell,2003,6Bm6qUCSatPAqkQllFL7oA,Matchbox Twenty,228706,68,0.256,0.0403,0.429
Right Thurr,2003,0l3GEbH3CviUytD6iX4wzg,Chingy,250746,69,0.866,0.253,0.891
Miss You,2003,73vIOb4Q7YN6HeJTbscRx5,Oliver Tree,206000,83,0.587,0.0529,0.199
Picture,2003,32mVHdy0bi1XKgr0ajsBlG,Taylor Swift,173066,71,0.658,0.0323,0.821
Bring me to Life,2003,0COqiPhxzoWICwFCS4eZcp,Evanescence,235893,84,0.331,0.0698,0.296
Get Low,2003,0r2Bul2NuCViraT2zX1l5j,Lil Jon & The East Side Boyz,334066,76,0.521,0.067,0.136
Baby Boy,2003,4WY3HyGXsWqjFRCVD6gnTe,Beyoncé,244826,69,0.655,0.22,0.791
Shake Ya Tailfeather,2003,4TJduXYW1Pg96EDNnfiwxJ,Murphy Lee,295173,65,0.715,0.262,0.897
21 Questions,2003,41bIQPBE1lFN0mmw6Lmssz,50 Cent,224426,75,0.576,0.317,0.908
All I Have,2003,4mnoPyJHlmMYPJsib5tfn0,NF,248213,61,0.664,0.054,0.325
Beautiful,2003,2rxQMGVafnNaRaXlRMWPde,Luke Combs,193200,82,0.551,0.0262,0.382
I Know What You Want,2003,0YImOCkIJ2PWhCXaURCZnY,Busta Rhymes,324306,72,0.648,0.306,0.518
I'm with You,2003,6Qwuw0eOeszVlewLpu24gR,Vance Joy,239786,67,0.657,0.0293,0.115
Drift Away,2003,0RFgvrhkf9FiDRLA0BhzpZ,Uncle Kracker,255560,69,0.583,0.0377,0.861
Magic Stick,2003,0aULRU35N9kTj6O1xMULRR,Lil' Kim,359973,59,0.849,0.271,0.504
P.I.M.P.,2003,2D1hlMwWWXpkc3CZJ5U351,50 Cent,249466,70,0.7,0.342,0.889
"Bump, Bump, Bump",2003,6FTJuZtQZvmPPRFmrcno9J,B2K,278573,54,0.834,0.225,0.877
Into You,2003,63y6xWR4gXz7bnUGOk8iI6,Ariana Grande,244453,72,0.623,0.107,0.37
Can't Let You Go,2003,6lrRIfQDcikJ5y5DtyZPuJ,Fabolous,223973,63,0.646,0.458,0.811
Mesmerize,2003,2iclfHORMqpR3TxuhwVRhD,Ja Rule,278720,65,0.764,0.206,0.391
Where Is the Love?,2003,0xmjwnQ3FNE6HuWCt2nHdZ,Black Eyed Peas,272533,81,0.834,0.178,0.809
The Game of Love,2003,41IShViF79gmulEkIHAjcb,Santana,254466,64,0.59,0.0478,0.674
Lose Yourself,2003,5Z01UMMf7V1o0MzF86s6WJ,Eminem,326466,78,0.692,0.257,0.0612
Rock wit U (Awww Baby),2003,6pWzCKTrKrwbUPzY8RLCoP,Ashanti,209120,70,0.71,0.0582,0.849
Cry Me a River,2003,7Lf7oSEVdzZqTA0kEDSlS5,Justin Timberlake,288333,77,0.624,0.183,0.564
How You Gonna Act Like That,2003,3OUApyz3jDB3syGUNGqB1d,Tyrese,294693,64,0.733,0.0457,0.525
Rock Your Body,2003,1AWQoqb9bSvzTjaLralEkT,Justin Timberlake,267266,81,0.892,0.141,0.817
No Letting Go,2003,5dWfl2PBpKHpBVdz95wxK1,Wayne Wonder,202013,66,0.496,0.0444,0.317
Frontin',2003,0iFOG4Ki9aDmJUYUFHQlPG,Pharrell Williams,236506,68,0.894,0.13,0.759
Landslide,2003,5ihS6UUlyQAfmp48eSkxuQ,Fleetwood Mac,199493,79,0.414,0.0318,0.423
Work It,2003,3jagJCUbdqhDSPuxP8cAqF,Missy Elliott,263226,70,0.884,0.283,0.584
03 Bonnie & Clyde,2003,5ljCWsDlSyJ41kwqym2ORw,JAY-Z,205560,71,0.759,0.314,0.327
Don't Mess with My Man,2003,39YovPslPCXbFYhlYjsZ2Y,Nivea,213226,56,0.879,0.164,0.885
So Gone,2003,6BIcjFZIVDZxNAcofRFPx4,Monica,242773,64,0.618,0.0981,0.586
Air Force Ones,2003,7kAFSrTIOiVZ0gnHBuAH3l,Nelly,304000,63,0.784,0.317,0.618
"Never Leave You (Uh Oooh, Uh Oooh)",2003,1AjQE5MtP5jHQMyDepbvLI,Lumidee,184906,64,0.811,0.362,0.777
Beautiful,2003,2rxQMGVafnNaRaXlRMWPde,Luke Combs,193200,82,0.551,0.0262,0.382
Gossip Folks,2003,75DjPjiIp2fvJDjtt41Jfs,Missy Elliott,234893,58,0.707,0.505,0.439
Miss Independent,2003,34ceTg8ChN5HjrqiIYCn9Q,Ne-Yo,232000,78,0.673,0.115,0.713
Calling All Angels,2003,0E29BKKGCJHcb7b9oIWgGB,Train,242200,58,0.454,0.0441,0.529
Damn!,2003,1YB9GTk2x4VpPP2ljKxvGS,Sleepy Hallow,130537,67,0.806,0.298,0.491
This Is the Night,2003,3gVDRvW6xR3aKdPWkUOVdo,The The,230413,43,0.623,0.0234,0.332
Your Body Is a Wonderland,2003,7vFv0yFGMJW3qVXbAd9BK9,John Mayer,249626,74,0.647,0.0236,0.687
Headstrong,2003,1AEYT6VxrxXPMoQUxsY0E4,Trapt,285569,74,0.492,0.117,0.534
In Those Jeans,2003,5ojJNnX5ND2gMGojPd3NiO,Ginuwine,243306,61,0.691,0.0776,0.319
Stand Up,2003,2CtCwQhY0ZLvr8L2l8Bo6e,Ludacris,213760,59,0.751,0.349,0.801
The Remedy (I Won't Worry),2003,4tK4ARuilOrBzwVQK73E0Y,Jason Mraz,256440,63,0.589,0.0385,0.795
Why Don't You & I,2003,0sNKiz82ATCvT3f3XVVUUj,The Offspring,172466,75,0.766,0.0719,0.544
Excuse Me Miss,2003,0ZHu7jkSSrT0eK4OxuG4O5,JAY-Z,281240,57,0.714,0.286,0.887
Jenny from the Block,2003,4ZOyH6KjomjlqCz3oFqglr,Jennifer Lopez,187840,64,0.844,0.207,0.961
Are You Happy Now?,2003,5B7XIcS5T76NJZFOHX30Io,Michelle Branch,230760,52,0.484,0.046,0.717
Forever and for Always,2003,5eQtR62IZ8P8qZM2pSD9Ip,Shania Twain,283000,59,0.469,0.0326,0.529
I Can,2003,5kHMfzgLZP95O9NBy0ku4v,Taylor Swift,273186,88,0.694,0.0337,0.819
Underneath It All,2003,6fR6Z0Vc1K6yQWNUIKjAIR,No Doubt,302720,64,0.729,0.0682,0.838
If You're Not the One,2003,4gJoAvFpDvaeqm2EKYGmhb,Daniel Bedingfield,257160,53,0.687,0.0305,0.264
Thoia Thoing,2003,5uj2AfrbHQREGXVxhqhvyU,R. Kelly,221266,36,0.582,0.307,0.936
Here Without You,2003,3NLrRZoMF0Lx6zTlYqeIo4,3 Doors Down,238733,77,0.557,0.0252,0.233
Wanksta,2003,6rpNe6gSkmiYW6BfSFATi5,50 Cent,219400,57,0.806,0.157,0.904
My Love Is Like...Wo,2003,3Gamc2D6VSlXpUcmhPUFYt,Mýa,209490,52,0.835,0.124,0.708
It's Five O'Clock Somewhere,2003,07KYRDFf8Q6sqj4PWCP9vh,Alan Jackson,230266,66,0.713,0.0363,0.878
Like Glue,2003,56m8Wv3qRBfwLuO08GtfHs,Sean Paul,232506,66,0.757,0.319,0.589
Can't Hold Us Down,2003,0cv1Mnb47oMvjVKMc2cyZw,Christina Aguilera,255266,61,0.859,0.192,0.538
My Front Porch Looking In,2003,2CVJECHIdpe8otFH0XFI4F,Lonestar,223573,57,0.529,0.0511,0.454
Angel,2003,1daDRI9ahBonbWD8YcxOIB,Miley Cyrus,196453,89,0.672,0.0313,0.494
She Hates Me,2003,16DhvbuyvJob4Q9GHNYu2n,Puddle Of Mudd,216760,72,0.58,0.0323,0.584
Don't Wanna Try,2003,1XE1UGRpvvkaFEeqe1OJpw,Frankie J,245293,48,0.655,0.0348,0.199
The Jump Off,2003,6UZS3KgNc0NF13bbtQTzD6,Lil' Kim,234093,57,0.837,0.378,0.905
Intuition,2003,6oeawig19gwjWTBzE3WuDq,The Backseat Lovers,210588,51,0.319,0.0332,0.0598
Hell Yeah,2003,3QHGfxhjexLaMKGHXagfRs,SoFaygo,168160,64,0.696,0.0438,0.287
Beer for My Horses,2003,7E2DqvnVtbIrFrL5X6YH9Q,Toby Keith,204000,69,0.717,0.0473,0.805
Holidae In,2003,0FmCLEHfINGqwlyzvklNqy,Chingy,314400,58,0.81,0.181,0.948
Suga Suga,2003,6Nq5lE0CeOAAAqN4qhkbZU,Baby Bash,239026,74,0.662,0.268,0.535
Love of My Life (An Ode to Hip-Hop),2003,0ieS2bue78yadTdPiyzsaO,Erykah Badu,337573,48,0.618,0.398,0.462
Fighter,2003,7nXq1vaZiz7PdbfojpPjW5,Christina Aguilera,245960,68,0.435,0.201,0.45
Thugz Mansion,2003,3eBBbAEBQdr6tkUUd8gyuQ,2Pac,247600,63,0.703,0.281,0.893
Clocks,2003,0BCPKOYdS2jbQ8iyB56Zns,Coldplay,307879,83,0.577,0.0279,0.255
Put That Woman First,2003,3OQu3z3okKVmWxSXTTHak5,Jaheim,245773,58,0.649,0.132,0.513
Rain on Me,2003,7ju97lgwC2rKQ6wwsf9no9,Lady Gaga,182200,74,0.672,0.0397,0.646
19 Somethin',2003,0ElpjZyX8YBiXuYcDC1Ci9,Mark Wills,200466,60,0.58,0.0726,0.814
"Can't Stop, Won't Stop",2003,4L1zI1GJxi0Qq38aSYmsS0,King Combs,158350,61,0.906,0.294,0.813
Red Dirt Road,2003,3EZzghqykkfOB0Z8d0kTSt,Brooks & Dunn,260360,68,0.555,0.0403,0.479
What Was I Thinkin',2003,0r8iDf65NHgFgZOGLwj5r8,Dierks Bentley,260826,71,0.551,0.044,0.933
Flying Without Wings,2003,1pDylAt4nUPy2r72KRQDYX,Westlife,216266,63,0.457,0.0301,0.283
Sing for the Moment,2003,3CpoeW0cZSDzIRv5z34F87,Eminem,339546,78,0.668,0.137,0.185
Have You Forgotten?,2003,5JWuz7zukN8z9JLNm29U5K,Darryl Worley,242293,49,0.478,0.0341,0.343
"No Shoes, No Shirt, No Problems",2003,208bYsadJ56km31IENM2qS,Kenny Chesney,209666,61,0.719,0.032,0.669
Come Over,2003,2P8i4ibQlXovki9IIPPubS,Noah Kahan,197821,67,0.624,0.0365,0.438
Sick of Being Lonely,2003,0rBzABScu9c6D1Juislm2z,Field Mob,229160,50,0.692,0.105,0.856
Step in the Name of Love,2003,7lrAsaTw9CTh5uSr0fvHOd,R. Kelly,432146,49,0.775,0.119,0.775
I Want You,2003,7FHj19QQigvMH1onMYRNLn,Mitski,183792,73,0.339,0.0348,0.0655
Like a Stone,2003,3YuaBvuZqcwN3CEAyyoaei,Audioslave,293960,79,0.614,0.0276,0.516
Don't Know Why,2003,1zNXF2svmdlNxfS5XeNUgr,Norah Jones,186251,77,0.745,0.0276,0.635
Superman,2003,4woTEX1wYOTGDqNXuavlRC,Eminem,350320,86,0.802,0.0564,0.58
Real Good Man,2003,4ns2xaym21aBOOUN1vaBPJ,Tim McGraw,254600,51,0.56,0.0266,0.639
Say Yes,2003,6GGtHZgBycCgGBUhZo81xe,Lana Del Rey,209156,89,0.49,0.0254,0.166
Yeah!,2004,5rb9QrpfcKFHM1EUbSIurX,USHER,250373,83,0.894,0.112,0.583
Burn,2004,5jfhLCSIFUO4ndzNRh4w4G,Zach Bryan,268856,81,0.508,0.0755,0.134
If I Ain’t Got You,2004,1zJpJ3HPRtAYYNLWm5BJEf,James Bay,261120,63,0.652,0.111,0.328
This Love,2004,6ECp64rv50XVz93WvxXMGF,Maroon 5,206200,82,0.712,0.0378,0.809
The Way You Move,2004,5z7mYFfhw6N6f23VwrokJD,Outkast,234000,70,0.871,0.0464,0.635
The Reason,2004,77loZpT5Y5PRP1S451P9Yz,Hoobastank,232800,82,0.472,0.029,0.0681
I Don’t Wanna Know,2004,0JCpXJE996Bc6MAbPfiSg1,Knox,180555,50,0.705,0.0787,0.934
Hey Ya!,2004,2PpruBYCo4H7WOBJ7Q2EwM,Outkast,235213,83,0.727,0.0664,0.965
Goodies,2004,3dFwpxh2yH7C7p9BGEKLVB,Ciara,223000,69,0.826,0.0491,0.872
Lean Back,2004,2Ozc0me9PV5vlt8cokwdvI,Terror Squad,247426,67,0.783,0.415,0.695
Tipsy,2004,0jSMveIWvnhDIvzqN74Uc7,J-Kwon,243226,65,0.925,0.367,0.656
Confessions Part II,2004,7wBThXx7BGZHJJ3aN3OPvv,USHER,211200,71,0.845,0.138,0.702
Slow Motion,2004,6ihObRBTB8xdSH2mlERtOX,JUVENILE,248200,66,0.713,0.325,0.89
Freek-a-Leek,2004,4MeDnO5yA2Zi6IMlVApRci,Petey Pablo,235186,70,0.756,0.178,0.632
Here Without You,2004,3NLrRZoMF0Lx6zTlYqeIo4,3 Doors Down,238733,77,0.557,0.0252,0.233
Slow Jamz,2004,3A4cpTBPaIQdtPFb5JxtaX,Twista,316053,72,0.559,0.171,0.611
Someday,2004,7hm4HTk9encxT0LYC0J6oI,The Strokes,183440,69,0.539,0.0299,0.679
Naughty Girl,2004,0YGQ3hZcRLC5YX7o0hdmHg,Beyoncé,208573,67,0.588,0.161,0.659
My Immortal,2004,4UzVcXufOhGUwF56HT7b8M,Evanescence,262533,75,0.19,0.0356,0.101
Sunshine,2004,5r43qanLhUCdBj8HN3fa6B,OneRepublic,163854,80,0.697,0.034,0.774
Dirt Off Your Shoulder,2004,3IrkbGQCoEPAkzJ0Tkv8nm,JAY-Z,245173,65,0.78,0.317,0.648
Move Ya Body,2004,2ndnVdR8si7CW9T8vJRHyW,Nina Sky,232000,68,0.87,0.0432,0.877
Dip It Low,2004,4L55p6txv9vuCWhpNnY6eY,Christina Milian,201000,54,0.754,0.111,0.576
My Boo,2004,68vgtRHr7iZHpzGpon6Jlo,USHER,223440,80,0.662,0.118,0.676
One Call Away,2004,7soJgKhQTO8hLP2JPRkL5O,Charlie Puth,194453,66,0.667,0.0344,0.47
"Me, Myself and I",2004,6XsT5UGfpaFeHQf5LRIy4W,Beyoncé,301133,63,0.75,0.0803,0.536
Turn Me On,2004,1qzHqfvKrZWo6dVHM1dXrj,Norah Jones,154800,71,0.429,0.0551,0.485
The First Cut Is the Deepest,2004,3FeYjbIVqvAhuTcwsE6K3v,Rod Stewart,271200,61,0.546,0.0244,0.764
You Don't Know My Name,2004,6LGwYMXXgURfaequXipzHx,Alicia Keys,366733,66,0.264,0.187,0.249
My Place,2004,7dZZosZeF6KE3dS2trkUal,Denver Paige,187500,57,0.572,0.221,0.351
Overnight Celebrity,2004,2tOZtdbkAMQASWokLvSlzj,Twista,233360,69,0.828,0.179,0.777
Hotel,2004,40riOy7x9W7GXjyGp4pjAv,Eagles,391376,84,0.579,0.027,0.609
Numb,2004,2nLtzopw4rPReszdYBJU6h,Linkin Park,185586,86,0.496,0.0381,0.243
Diary,2004,0faXHILILebCGnJBPU6KJJ,Breaking Benjamin,200546,75,0.392,0.0644,0.269
She Will Be Loved,2004,4llK75pXNWZz6KAho2Gp16,Maroon 5,259453,81,0.651,0.0281,0.465
White Flag,2004,3adnLFXKO5rC1lhUNSeg3N,Dido,240600,59,0.509,0.0379,0.284
Heaven,2004,1HXy5I3HTWq8OvxCn0z7G7,Kane Brown,179506,74,0.677,0.0306,0.521
It's My Life,2004,0v1XpBHnsbkCn7iJ9Ucr1l,Bon Jovi,224493,81,0.551,0.0466,0.544
Pieces of Me,2004,7yXibbAYi4to5oQTeO738f,Ashlee Simpson,217440,57,0.532,0.057,0.759
Leave (Get Out),2004,3DOxMCaNBNvnjSzpHUSjE3,JoJo,242840,68,0.697,0.201,0.457
Milkshake,2004,4LmzPJDil70LpiApWfOI6O,Kelis,182813,58,0.887,0.0434,0.826
Splash Waterfalls,2004,2T8hXV9LUZMDBKR5RALGEa,Ludacris,290760,48,0.734,0.409,0.702
Jesus Walks,2004,5g1vtHqi9uV7xtYeCcFOBx,Kanye West,193733,72,0.637,0.323,0.715
Locked Up,2004,48EQasc6XD0pOQtkIOWqOC,Akon,235066,68,0.833,0.0847,0.369
Stand Up,2004,2CtCwQhY0ZLvr8L2l8Bo6e,Ludacris,213760,59,0.751,0.349,0.801
Suga Suga,2004,6Nq5lE0CeOAAAqN4qhkbZU,Baby Bash,239026,74,0.662,0.268,0.535
All Falls Down,2004,5SkRLpaGtvYPhw02vZhQQ9,Kanye West,223506,82,0.657,0.484,0.434
Toxic,2004,6I9VzXrHxO9rA9A5euc8Ak,Britney Spears,198800,83,0.774,0.114,0.924
Salt Shaker,2004,4Kd0FzFpOgIGxlBl4HXuFn,Ying Yang Twins,252440,63,0.884,0.128,0.322
With You,2004,34SQ0QfLSR316d8KL2zkuZ,Cody Johnson,220893,70,0.558,0.0273,0.388
Meant to Live,2004,2md2i5QvelRFnafpnd6LOg,Switchfoot,201373,65,0.397,0.0457,0.556
I Like That,2004,0kWQn0wLok1lawHAkGSMW9,Bazzi,158083,64,0.665,0.112,0.68
Sorry 2004,2004,2u34ZVPVlr7hfN7vDr1512,Ruben Studdard,261866,45,0.721,0.0619,0.462
My Happy Ending,2004,6sqNctd7MlJoKDOxPVCAvU,Avril Lavigne,242413,70,0.414,0.0758,0.74
On Fire,2004,0B2ZuTLZnWQ6gz8RlNwBu1,Lloyd Banks,187280,60,0.759,0.22,0.429
Roses,2004,3vv9phIu6Y1vX3jcqaGz5Z,The Chainsmokers,226738,76,0.713,0.0561,0.343
Walked Outta Heaven,2004,06ZDLodo1UDVavc3MXREZ3,Jagged Edge,270880,56,0.67,0.225,0.523
Lose My Breath,2004,4dvQg9sD8k9y4qiEURuj8v,Destiny's Child,242013,62,0.814,0.0637,0.545
My Band,2004,4XHQyvbrBsQaaBUW1VvmsL,D12,298773,74,0.851,0.0828,0.844
I'm Still in Love with You,2004,5lJx5eiSahFfsqkMJVlkDN,Sean Paul,273360,72,0.765,0.172,0.757
Through the Wire,2004,4mmkhcEm1Ljy1U9nwtsxUo,Kanye West,221226,76,0.571,0.247,0.66
Why?,2004,086myS9r57YsLbJpU0TgK9,Arctic Monkeys,161123,89,0.691,0.0368,0.8
Fuck It (I Don't Want You Back),2004,1p5kC161fWMA2QlwV3Vi4W,Eamon,225106,65,0.828,0.0653,0.575
Read Your Mind,2004,4Wos0h9ECU2Z3oJMTQxpbc,Sabrina Carpenter,207849,70,0.672,0.049,0.578
Game Over (Flip),2004,79lmvU7Qmc8QpXilbSk37z,Lil' Flip,232466,53,0.813,0.378,0.602
One Thing,2004,1rXq0uoV4KTgRN64jXzIxo,Morgan Wallen,206864,78,0.613,0.03,0.916
Headsprung,2004,1GIN41bLhiKeEPeC2vXH8i,LL COOL J,267320,59,0.718,0.0284,0.465
Damn!,2004,1YB9GTk2x4VpPP2ljKxvGS,Sleepy Hallow,130537,67,0.806,0.298,0.491
Baby Boy,2004,4WY3HyGXsWqjFRCVD6gnTe,Beyoncé,244826,69,0.655,0.22,0.791
Get Low,2004,0r2Bul2NuCViraT2zX1l5j,Lil Jon & The East Side Boyz,334066,76,0.521,0.067,0.136
Drop It Like It's Hot,2004,2NBQmPrOEEjA8VbeWOQGxO,Snoop Dogg,266066,77,0.888,0.219,0.662
U Should've Known Better,2004,0EQuu6hyNACWI7LT7N5pRv,Monica,257786,51,0.753,0.0308,0.826
On the Way Down,2004,1GwVi2ceNb8dMFA3DZGnnY,Ryan Cabrera,213280,50,0.5,0.0369,0.539
Breakaway,2004,61Qhe2mHSLhUE04QeK4lkD,Kelly Clarkson,237000,64,0.446,0.0295,0.394
Why Don't You & I,2004,0sNKiz82ATCvT3f3XVVUUj,The Offspring,172466,75,0.766,0.0719,0.544
Are You Gonna Be My Girl,2004,305WCRhhS10XUcH6AEwZk6,Jet,213800,77,0.613,0.0855,0.537
100 Years,2004,2lFlveK1y13WWp3vnQtrr3,Five For Fighting,244600,66,0.643,0.0276,0.275
Step in the Name of Love,2004,7lrAsaTw9CTh5uSr0fvHOd,R. Kelly,432146,49,0.775,0.119,0.775
Breaking the Habit,2004,6n8TMVyFKoUmDc4apxceRD,Linkin Park,196906,67,0.579,0.0303,0.581
Gigolo,2004,0CSjMXDSJj5010AGSOqjpa,The Time,281706,43,0.618,0.106,0.624
Live Like You Were Dying,2004,7B1QliUMZv7gSTUGAfMRRD,Tim McGraw,300333,70,0.416,0.0297,0.418
Remember When,2004,5naar7XewEOAjOywIp6Jjq,Wallows,155146,74,0.504,0.0343,0.51
Everytime,2004,5YJtMNWKe55yr49cyJgxva,Cascada,197124,73,0.633,0.0519,0.493
Southside,2004,7lurcq2Yw96B1K0KOJAHxg,Lloyd,277840,63,0.688,0.0818,0.448
Dude,2004,6gQUbFwwdYXlKdmqRoWKJe,Aerosmith,265773,71,0.54,0.0458,0.91
Wanna Get to Know You,2004,1dHJETCn2X1R1YwVlMvSza,G-Unit,265026,64,0.513,0.132,0.889
Holidae In,2004,0FmCLEHfINGqwlyzvklNqy,Chingy,314400,58,0.81,0.181,0.948
Let's Get It Started,2004,4hfIVhq0F0zFUcrbecsYmo,Black Eyed Peas,217733,72,0.783,0.12,0.805
When the Sun Goes Down,2004,5vLonpxn4VN0A8GtQOBSG0,Kenny Chesney,290560,67,0.798,0.0284,0.708
American Soldier,2004,0oVWPlnK5eAqnJCVB0FvpP,Toby Keith,263333,58,0.565,0.0376,0.226
Change Clothes,2004,1xE7osYAtzz1PvLoVdOp5E,JAY-Z,258426,50,0.895,0.0473,0.34
Don't Tell Me,2004,6E6uwOhAEHSzSvDewOBEvF,Night Ranger,262826,54,0.389,0.0442,0.493
You'll Think of Me,2004,0lZxd99ZIjA0zUdQAY3FXr,Keith Urban,231293,51,0.55,0.0408,0.562
Happy People,2004,5lujBnGhaV4zgazZ6A8S5g,X Ambassadors,295000,57,0.244,0.0315,0.325
Hey Mama,2004,5b2bu6yyATC1zMXDGScJ2d,David Guetta,192560,62,0.596,0.151,0.525
Over and Over,2004,2b8QQqf8Vwb7bfz22ja8Fk,Nelly,253933,63,0.644,0.0803,0.464
Redneck Woman,2004,26bL4gSULWDgdIMX0pRFrG,Gretchen Wilson,221333,66,0.499,0.177,0.753
Just Lose It,2004,0qcjuYtMWhBjXg0Xwt5SzS,Eminem,248680,69,0.94,0.0467,0.962
Letters from Home,2004,15cGdiAHmezm0P04jVAjMo,John Michael Montgomery,267533,57,0.644,0.0258,0.388
I Go Back,2004,57I7CUbXo4XlWuTVB8pXW6,Kenny Chesney,243666,64,0.532,0.0503,0.67
We Belong Together,2005,3LmvfNUQtglbTrydsdIqFU,Mariah Carey,201400,72,0.837,0.0601,0.762
Hollaback Girl,2005,0LzrhCZFXW94Y8nwtTuRlw,Gwen Stefani,199853,71,0.926,0.0929,0.904
Let Me Love You,2005,0lYBSQXN6rCTvUZvg9S0lU,DJ Snake,205946,84,0.649,0.0349,0.163
Since U Been Gone,2005,3xrn9i8zhNZsTtcoWgQEAd,Kelly Clarkson,188960,74,0.662,0.0334,0.404
"1, 2 Step",2005,4ndFwD5xjLgJxGExGRoQYd,SIDEPIECE,176640,49,0.856,0.0699,0.654
Gold Digger,2005,1PS1QMdUqOal0ai3Gt7sDQ,Kanye West,207626,81,0.629,0.348,0.623
Boulevard of Broken Dreams,2005,5GorCbAP4aL0EJ16frG2hd,Green Day,262333,80,0.496,0.0294,0.474
Candy Shop,2005,5D2mYZuzcgjpchVY1pmTPh,50 Cent,209106,81,0.614,0.466,0.755
Don’t Cha,2005,16hkPFjdIh03fg0pVRkbs7,Rock Mafia,134901,38,0.83,0.264,0.806
Behind These Hazel Eyes,2005,0AKAxdNkwq9ZxRdW1DN9zW,Kelly Clarkson,198973,62,0.548,0.0382,0.425
Disco Inferno,2005,69bHJ9qs5FrUJbKP8xU8uZ,50 Cent,214226,75,0.925,0.231,0.71
You and Me,2005,0815caqt2Lytro5EIzMufT,Lifehouse,195493,76,0.459,0.0267,0.354
Don't Phunk with My Heart,2005,4MtDnnAJ1AtWit10FRmZdW,Black Eyed Peas,239773,56,0.689,0.0608,0.609
Lose Control,2005,6usohdchdzW9oML7VC4Uhk,Teddy Swims,210688,80,0.561,0.0337,0.242
Shake It Off,2005,5xTtaWoae3wi06K5WfVUUH,Taylor Swift,219200,77,0.647,0.165,0.943
Mr. Brightside,2005,003vvx7Niy0yvhvHt4a68B,The Killers,222973,86,0.352,0.0747,0.236
Just a Lil Bit,2005,4nva9EpKntUTs6CRSGBCn9,50 Cent,237706,79,0.489,0.41,0.527
Pon de Replay,2005,4TsmezEQVSZNNPv5RJ65Ov,Rihanna,246960,80,0.779,0.159,0.498
How We Do,2005,4PmMVdIFpJTB9WQbmILf4p,The Game,235533,77,0.862,0.251,0.637
Beverly Hills,2005,1yKu2MhpwzDXXH2tzG6xoa,Weezer,196093,72,0.693,0.0726,0.741
Oh,2005,7qLr3HMApUbyDkUvgIvHnB,Young Thug,185333,81,0.808,0.236,0.465
Lonely No More,2005,4faFAhOflLzhfJECveRwva,Rob Thomas,226640,59,0.551,0.109,0.858
Drop It Like It's Hot,2005,2NBQmPrOEEjA8VbeWOQGxO,Snoop Dogg,266066,77,0.888,0.219,0.662
Hate It or Love It,2005,2wGSgTmgSF3xjRrHkTc25R,The Game,206400,83,0.802,0.207,0.435
Lovers & Friends,2005,6dBUzqjtbnIa1TwYbyw5CM,TV Girl,213920,87,0.559,0.0397,0.572
Soldier,2005,3xtiXNDbSKxy20I7D6vFUg,The Oh Hellos,165673,75,0.347,0.0706,0.484
Breakaway,2005,61Qhe2mHSLhUE04QeK4lkD,Kelly Clarkson,237000,64,0.446,0.0295,0.394
Switch,2005,06BY7fb0Ztz7f7JPRWSBZ3,Pooh Shiesty,168648,66,0.443,0.255,0.956
Let Me Hold You,2005,1oNToERLIN71YCPLbRIQGQ,Bow Wow,248493,64,0.815,0.199,0.611
Like You,2005,3jEqrIfwKO0M8ALu3TGilF,Bow Wow,205840,68,0.714,0.0876,0.504
Rich Girl,2005,0qRR9d89hIS0MHRkQ0ejxX,Daryl Hall & John Oates,142786,79,0.573,0.176,0.817
My Humps,2005,19JdbdEwQI7bCxefMokZO8,Black Eyed Peas,326960,68,0.801,0.225,0.586
Obsession (No Es Amor),2005,4UC4H4vX3bJtcgtKR0ZCFJ,Frankie J,225626,56,0.649,0.047,0.538
Caught Up,2005,3jYRpwbctfqB77uU7T7K3U,38 Special,279333,66,0.425,0.0316,0.933
Listen to Your Heart,2005,1qIKynV6YQZgocodkPdCy7,Roxette,328093,58,0.539,0.0275,0.337
Scars,2005,1UREw2MCfU0xwBzCAjxlUD,Papa Roach,208186,69,0.384,0.055,0.471
Feel Good Inc.,2005,0d28khcov6AiegSCpG5TuT,Gorillaz,222640,84,0.818,0.177,0.772
Let Me Go,2005,5Gu0PDLN4YJeW75PpBSg9p,Hailee Steinfeld,174800,77,0.664,0.0474,0.742
Holiday,2005,4VgEM12OeaN3GyBV487Me7,Green Day,232680,71,0.552,0.0342,0.716
"Sugar, We're Goin Down",2005,2TfSHkHiFO4gRztVIkggkE,Fall Out Boy,229093,79,0.494,0.0843,0.574
Grind with Me,2005,3B7i9OKRRmIsSBHEbJz58Y,Pretty Ricky,237733,66,0.7,0.045,0.189
Run It!,2005,1dg3qy5DjoJodawfOCgrTP,Lil Tjay,232048,76,0.88,0.163,0.671
Photograph,2005,1HNkqx9Ahdgi1Ixy2xkKkL,Ed Sheeran,258986,85,0.614,0.0476,0.201
Lonely,2005,2twxE40bJrzrmT3m8U02lr,Justin Bieber,149189,0,0.619,0.046,0.0719
Collide,2005,5kY2DRIom6dcVZbQb1SAX8,Justine Skye,260169,77,0.418,0.0625,0.131
Wake Me Up When September Ends,2005,3ZffCQKLFLUvYM59XKLbVm,Green Day,285653,80,0.546,0.0314,0.146
Slow Down,2005,5lT5IZWW3JQErXELJpQgJ9,Chase Atlantic,212093,79,0.477,0.0362,0.255
Over and Over,2005,2b8QQqf8Vwb7bfz22ja8Fk,Nelly,253933,63,0.644,0.0803,0.464
Some Cut,2005,3VXDc9f8J96uBnAAeFrrmw,Trillville,283454,53,0.9,0.372,0.659
Get It Poppin',2005,04FXF9tLQvYzc9ZWnTpaA3,Fat Joe,205546,48,0.906,0.356,0.554
Play,2005,03fT3OHB9KyMtGMt2zwqCT,Luke Bryan,226866,76,0.506,0.0655,0.595
Soul Survivor,2005,0Ss50OU9tCozI7JIywkv14,Jeezy,280013,66,0.682,0.0451,0.108
Pimpin' All Over the World,2005,6VixoRqnikN4QqegoKUSbH,Ludacris,329626,55,0.495,0.299,0.782
My Boo,2005,68vgtRHr7iZHpzGpon6Jlo,USHER,223440,80,0.662,0.118,0.676
Sugar (Gimme Some),2005,7x6SuiiH3fcrsAgfkp2OwQ,Trick Daddy,245106,55,0.822,0.228,0.85
Karma,2005,7KokYm8cMIXCsGVmUvKtqf,Taylor Swift,204852,88,0.642,0.0666,0.0969
Speed of Sound,2005,0o2SAnNfM7osRbkQlUCp7L,Coldplay,287906,0,0.514,0.0577,0.353
I Don't Want to Be,2005,4vl2zwXsTmAxgu9iY0g6UK,Gavin DeGraw,217760,65,0.423,0.0695,0.462
Mockingbird,2005,561jH07mF1jHuk7KlaeF0s,Eminem,250760,88,0.637,0.266,0.254
La Tortura,2005,5BSclXJTa9B0iURhUjZo50,Shakira,212893,77,0.74,0.0427,0.812
She Will Be Loved,2005,4llK75pXNWZz6KAho2Gp16,Maroon 5,259453,81,0.651,0.0281,0.465
Baby I'm Back,2005,6EfyEbyk4XjCisJz90V8Ki,Baby Bash,219186,57,0.901,0.105,0.761
Wait (The Whisper Song),2005,5Y78yINSOCW6xbOfGWNBg4,Ying Yang Twins,179160,58,0.933,0.347,0.595
Incomplete,2005,3w8Mw9GHYepoTWOSdiyosj,Sisqo,274226,65,0.746,0.0771,0.272
Bring Em Out,2005,3CcvahnsiArpTHYQEWV2Au,T.I.,216706,66,0.759,0.257,0.587
Cater 2 U,2005,6uYAPqxP69zfpCbsTHXgiz,Destiny's Child,245400,61,0.605,0.197,0.464
1 Thing,2005,1mnqraQ8oV8MX92rdOFLWW,Amerie,238760,65,0.612,0.333,0.867
Best of You,2005,5FZxsHWIvUsmSK1IAvm2pp,Foo Fighters,255626,77,0.366,0.0696,0.369
It's Like That,2005,7zL9xrz5krsuC6qVNluQQw,Mariah Carey,203360,54,0.8,0.0514,0.836
Goin' Crazy,2005,48JAAdtKgOQ4u4QRER6bJX,Natalie,294093,49,0.6,0.026,0.233
Inside Your Heaven,2005,25ry9EyyRsp1dDctlAclin,Carrie Underwood,243266,36,0.38,0.0315,0.16
Because of You,2005,6CFPFnS9EcLs2I0nWqtWci,Ne-Yo,266840,76,0.81,0.0356,0.828
Truth Is,2005,3QfsB9tPwAjMb5b9P7r3Z5,Fantasia,236746,53,0.707,0.0761,0.616
Your Body,2005,7vFv0yFGMJW3qVXbAd9BK9,John Mayer,249626,74,0.647,0.0236,0.687
Beautiful Soul,2005,1HwpWwa6bnqqRhK8agG4RS,Jesse McCartney,214226,71,0.66,0.0472,0.933
Cool,2005,02wk5BttM0QL38ERjLPQJB,NewJeans,147880,85,0.752,0.12,0.532
Get Back,2005,3DWjFSDEQ9IWz1mj449fB7,Pop Smoke,108160,74,0.798,0.306,0.566
Outta Control,2005,3E3f3Po59cqs9gS3vexHjB,Rebelution,245293,56,0.674,0.101,0.655
U Don't Know Me,2005,2SuMoyOaAVBg5AzfKyZaKV,T.I.,243506,52,0.779,0.17,0.526
These Words,2005,6MFQeWtk7kxWGydnJB2y36,Natasha Bedingfield,216360,68,0.734,0.0815,0.931
Don't Lie,2005,600qBKuhdgLqxZb1BqIE0T,Black Eyed Peas,219000,48,0.662,0.186,0.602
Get Right,2005,0rLzyBecRbTpnBWvMtPVFR,Jennifer Lopez,225533,58,0.741,0.12,0.362
Daughters,2005,5FPnjikbwlDMULCCCa6ZCJ,John Mayer,237906,68,0.674,0.0274,0.503
As Good as I Once Was,2005,7G6l2FtQyRhQgYgut2I6i8,Toby Keith,227840,71,0.68,0.0393,0.646
Girlfight,2005,0GkkiqqRdjqmRDrWfTdemH,Brooke Valentine,234733,43,0.745,0.148,0.603
Lose My Breath,2005,4dvQg9sD8k9y4qiEURuj8v,Destiny's Child,242013,62,0.814,0.0637,0.545
Ordinary People,2005,2ZA4uMlSZjaoWGFqP1tsLI,John Legend,281466,66,0.469,0.0798,0.36
We Be Burnin',2005,3uvPYPi31FygGalZG1RWgO,Sean Paul,215213,0,0.955,0.144,0.885
Just the Girl,2005,1JURww012QnWAw0zZXi6Aa,The Click Five,234146,62,0.571,0.0395,0.751
TRUE,2005,06JvOZ39sK8D8SqiqfaxDU,Kanye West,148571,76,0.712,0.25,0.388
O,2005,0OWhKvvsHptt6vnnNUSM9a,Zach Bryan,211739,82,0.544,0.0356,0.233
Back Then,2005,5krOROgmf8adn3SJzeKLZy,Mike Jones,244186,60,0.776,0.255,0.536
Numb/Encore,2005,5sNESr6pQfIhL3krM8CtZn,JAY-Z,205733,80,0.687,0.166,0.751
Wonderful,2005,6zC0mpGYwbNTpk9SKwh08f,Eric Clapton,225026,75,0.572,0.0293,0.485
I'm Sprung,2005,0DLOyyQvwPTSDKuhpzMMwA,T-Pain,231040,72,0.728,0.0999,0.195
Chariot,2005,4dygMGhvfENVhwRXmAscbl,Gavin DeGraw,239173,54,0.28,0.0513,0.345
U Already Know,2005,0ahRDzkKq0KEi7FRoHb0qk,112,198880,58,0.694,0.0449,0.931
Mississippi Girl,2005,79YeQbd1p7MsuT7wHQLRYY,Faith Hill,232706,54,0.499,0.0521,0.665
Number One Spot,2005,5SV9SnHkuHMh446QsgQtry,Ludacris,274466,48,0.542,0.378,0.509
Give Me That,2005,2s9NvnrAU9WahyWRa0Ou9m,Boosie Badazz,267520,48,0.62,0.363,0.54
Bad Day,2006,0mUyMawtxj1CJ76kn9gIZK,Daniel Powter,233640,76,0.599,0.0309,0.52
Temperature,2006,0k2GOhqsrxDTAbFFSdNJjT,Sean Paul,218573,82,0.951,0.0685,0.822
Promiscuous,2006,2gam98EZKrF9XuOkU13ApN,Nelly Furtado,242293,85,0.808,0.0506,0.868
You’re Beautiful,2006,1kq1yiMLLeEhBVOrsG6sn8,James Blunt,209493,1,0.675,0.0278,0.454
Hips Don’t Lie,2006,3ZFTkvIE7kyPt6Nu3PEa7V,Shakira,218093,86,0.778,0.0707,0.758
Unwritten,2006,3U5JVgI2x4rDyHGObzJfNf,Natasha Bedingfield,259333,79,0.706,0.0399,0.629
Crazy,2006,4RMm3bonEDyYj5aJGkaJqX,Rod Wave,130434,72,0.63,0.142,0.188
Ridin’,2006,6BaxqcoEM9r3LXisTyJjST,Jason Derulo,215746,65,0.442,0.146,0.578
Sexyback,2006,0O45fw2L5vsWpdsOdXwNAR,Justin Timberlake,242733,80,0.967,0.0789,0.964
Check on It,2006,2RWxrpsFshOBFwRBRstUlQ,Beyoncé,210453,60,0.705,0.267,0.864
Be Without You,2006,6Y3WvyUG9iE5bQYg38SPtQ,Mary J. Blige,246333,69,0.726,0.0998,0.673
Grillz,2006,0l7DPAKQVayEz9FXC9di2e,Nelly,271160,62,0.863,0.243,0.844
Over My Head (Cable Car),2006,1N62wozuHCvczCkY4QidpP,The Fray,236266,71,0.592,0.0448,0.709
Me & U,2006,67nepsnrcZkowTxMWigSbb,Travis Scott,246133,91,0.557,0.351,0.397
Buttons,2006,3BxWKCI06eQ5Od8TY2JBeA,The Pussycat Dolls,225560,66,0.57,0.267,0.408
Run It!,2006,1dg3qy5DjoJodawfOCgrTP,Lil Tjay,232048,76,0.88,0.163,0.671
So Sick,2006,6brl7bwOHmGFkNw3MBqssT,Ne-Yo,207186,80,0.452,0.31,0.58
It's Goin' Down,2006,05Sgj1Hx03ZXc57gsV1kfX,Yung Joc,241840,67,0.888,0.0612,0.609
SOS,2006,30cSNer6TV8x2utjULVeQ5,Rihanna,238920,77,0.677,0.0361,0.527
I Write Sins Not Tragedies,2006,4bPQs0PHn4xbipzdPfn6du,Panic! At The Disco,186634,74,0.569,0.14,0.609
Move Along,2006,2l57cfmCnOkwNX1tky02n1,The All-American Rejects,238880,69,0.518,0.0454,0.646
London Bridge,2006,7jRoWfRlLnGYEIEn4t4kbq,Fergie,241306,66,0.77,0.345,0.631
Dani California,2006,10Nmj3JCNoMeBQ87uw5j8k,Red Hot Chili Peppers,282160,78,0.556,0.0437,0.73
Snap Yo Fingers,2006,6o3s08kk2fQI37vxGZDrJ1,Lil Jon,274386,69,0.835,0.23,0.626
"Lean wit It, Rock wit It",2006,7cVmKBwzPsh4Fmb6SplfEm,Dem Franchize Boyz,229813,61,0.886,0.307,0.6
What Hurts the Most,2006,4bVuIlGQBMWS7vIhcx8Ae4,Rascal Flatts,214106,70,0.537,0.0277,0.33
How to Save a Life,2006,5fVZC9GiM4e8vu99W0Xf6J,The Fray,262533,81,0.64,0.0379,0.361
Unfaithful,2006,13xxBnXOuiBxVxJI458B0i,Rihanna,226973,72,0.588,0.0334,0.349
Chasing Cars,2006,5hnyJvgoWiQUYZttV4wXy6,Snow Patrol,267960,82,0.56,0.0274,0.144
Lips of an Angel,2006,40LQiUUUKXVGyNs09lHVjW,Hinder,261853,73,0.476,0.0343,0.251
Everytime We Touch,2006,5YJtMNWKe55yr49cyJgxva,Cascada,197124,73,0.633,0.0519,0.493
Ain't No Other Man,2006,7huo2wvrCgRucUsjdSDLQV,Christina Aguilera,228906,64,0.862,0.222,0.511
"Dance, Dance",2006,0a7BloCiNzLDD9qSQHh5m7,Fall Out Boy,180266,78,0.622,0.154,0.449
Gold Digger,2006,1PS1QMdUqOal0ai3Gt7sDQ,Kanye West,207626,81,0.629,0.348,0.623
Money Maker,2006,2JpUkUR0OsOlUUfm6iS8ic,Ludacris,230613,61,0.551,0.27,0.612
Ms. New Booty,2006,0k6HUzaRHpQ3eEWr1C7Esh,Bubba Sparxxx,252653,62,0.64,0.416,0.609
(When You Gonna) Give It Up to Me,2006,6k8uthjEbttfWXcGaNTQGD,Sean Paul,243880,53,0.711,0.225,0.718
Photograph,2006,1HNkqx9Ahdgi1Ixy2xkKkL,Ed Sheeran,258986,85,0.614,0.0476,0.201
Because of You,2006,6CFPFnS9EcLs2I0nWqtWci,Ne-Yo,266840,76,0.81,0.0356,0.828
Stickwitu,2006,4NjR63Up0uMkQBlKvlZd1l,The Pussycat Dolls,207506,63,0.655,0.0516,0.43
I'm 'n Luv (wit a Stripper),2006,2QurCbkPO14pjrikPNja0h,T-Pain,239413,68,0.739,0.0845,0.467
My Humps,2006,19JdbdEwQI7bCxefMokZO8,Black Eyed Peas,326960,68,0.801,0.225,0.586
Where'd You Go,2006,7pAT4dOUzjq8Ziap5ShIqC,Fort Minor,231866,59,0.684,0.238,0.25
Yo (Excuse Me Miss),2006,7DFnq8FYhHMCylykf6ZCxA,Chris Brown,229040,73,0.536,0.272,0.57
Walk Away,2006,3CnK206lwL8j2ETlzBC9go,Lil Peep,160560,71,0.553,0.039,0.168
Laffy Taffy,2006,2ajhenDRiiAnCHHjsIOHhJ,D4L,224253,72,0.891,0.428,0.622
What You Know,2006,3GBApU0NuzH4hKZq4NOSdA,Two Door Cinema Club,191706,75,0.563,0.0416,0.775
Dirty Little Secret,2006,5lDriBxJd22IhOH9zTcFrV,The All-American Rejects,193653,72,0.465,0.044,0.458
Savin' Me,2006,4Gd9PUEuOTOJtbgd4YxLXM,Nickelback,219320,72,0.441,0.0276,0.522
Don't Forget About Us,2006,1HkVSmzBbdZ5Bzdd00IZgh,Mariah Carey,233866,59,0.699,0.0383,0.431
Sexy Love,2006,10aWGOqSDBqvNzJ9NeKDbK,Ne-Yo,220853,71,0.693,0.0413,0.494
U and Dat,2006,7g7M96UGiA7OR79H86gV4m,E-40,202720,62,0.858,0.277,0.329
Far Away,2006,0ADZ5dmXhlfzjMw6lefoPl,Nickelback,238173,74,0.518,0.0309,0.293
What's Left of Me,2006,1bPqAXwNiVcM6zjJU1Z4Cd,Nick Lachey,244666,47,0.421,0.035,0.311
So What,2006,0JiY190vktuhSGN6aqJdrt,P!nk,215160,78,0.534,0.0425,0.462
Do It to It,2006,20on25jryn53hWghthWWW3,ACRAZE,157890,81,0.854,0.0886,0.637
Black Horse and the Cherry Tree,2006,0qAMjeQFyd1qD0LDiV8gWp,KT Tunstall,172373,66,0.748,0.0641,0.917
There It Go (The Whistle Song),2006,50UkypyQJbSQLaXHke5Yep,Juelz Santana,180493,61,0.942,0.196,0.595
Shoulder Lean,2006,2OqYarizUUGzSSNHPrDEii,Young Dro,258680,57,0.7,0.177,0.542
Unpredictable,2006,3UNrtRxBBlWE70SjxnOo02,Jamie Foxx,219866,57,0.734,0.197,0.772
My Love,2006,3vkCueOmm7xQDoJ17W1Pm3,Mitski,137773,85,0.504,0.0321,0.121
Shake That,2006,0zPlzJewGJ8iIxia2bEWDN,jnhygs,155028,77,0.445,0.338,0.225
Pullin' Me Back,2006,5hF2LnbkpnXCkksMSeWcxZ,Chingy,234133,63,0.786,0.286,0.587
Bossy,2006,0Eu5SrReZzaJX0NLKI8tQS,Kelis,274946,49,0.906,0.179,0.775
Chain Hang Low,2006,0tYPj0NYa7vjlJaqlRSnJb,Jibbs,207586,58,0.792,0.262,0.778
Smack That,2006,2kQuhkFX7uSVepCD3h29g5,Akon,212360,84,0.939,0.0467,0.924
One Wish,2006,2TFsx3B0hLSSTambrudXs3,Ray J,337640,64,0.529,0.282,0.592
"Sugar, We're Goin Down",2006,2TfSHkHiFO4gRztVIkggkE,Fall Out Boy,229093,79,0.494,0.0843,0.574
Gimme That,2006,53ETzLQQKFCzykRbqWb1ph,Chris Brown,186826,67,0.678,0.0466,0.444
I Know You See It,2006,6giYNaycmjkbf7UmZ6RGtL,Yung Joc,241306,54,0.744,0.0524,0.391
Who Says You Can't Go Home,2006,5439qJTu5mVH9aeriwp03u,Bon Jovi,230280,58,0.537,0.0343,0.802
Too Little Too Late,2006,4T4NLIMypdmyUwK54jECk4,JoJo,221720,72,0.421,0.0562,0.731
Touch It,2006,7rlKlsYacU3PFLGD7ca1HL,Ariana Grande,260000,60,0.536,0.0332,0.291
Rompe,2006,4Xtlw8oXkIOvzV7crUBKeZ,Daddy Yankee,188626,76,0.696,0.0859,0.533
Déjà Vu,2006,6HU7h9RYOaPRFeh0R3UeAr,Olivia Rodrigo,215506,88,0.442,0.112,0.178
Life Is a Highway,2006,5gB2IrxOCX2j9bMnHKP38i,Rascal Flatts,275640,76,0.562,0.0607,0.558
Call Me When You're Sober,2006,663Karu2rvKLdnY0eo1n3M,Evanescence,214706,70,0.45,0.0524,0.328
"Jesus, Take the Wheel",2006,3lec3CzDPAxsZokPph5w87,Carrie Underwood,226493,63,0.359,0.0302,0.135
Show Stopper,2006,5FRIqUXfTazrtRmYEGO4G0,Danity Kane,229240,55,0.755,0.187,0.465
Get Up,2006,1wUnuiXMMvhudmzvcCtlZP,NewJeans,36226,82,0.525,0.0534,0.562
We Be Burnin',2006,3uvPYPi31FygGalZG1RWgO,Sean Paul,215213,0,0.955,0.144,0.885
Hate Me,2006,15og0pCEcTFWEXOFKdcJlU,Ellie Goulding,188066,71,0.64,0.0644,0.762
You and Me,2006,0815caqt2Lytro5EIzMufT,Lifehouse,195493,76,0.459,0.0267,0.354
Beep,2006,5TXNLJ2EENAt3Tf9MX4kT2,The Pussycat Dolls,229360,50,0.935,0.0431,0.518
I Think They Like Me,2006,5a4AQWs84xeEyYUd1iC2Pn,Dem Franchize Boyz,282093,53,0.781,0.373,0.679
Say Goodbye,2006,5F7IJrXD6Fa3EmqoYE0gU4,Chris Brown,289760,68,0.8,0.0371,0.388
Waiting on the World to Change,2006,5imShWWzwqfAJ9gXFpGAQh,John Mayer,201173,75,0.578,0.115,0.663
Soul Survivor,2006,0Ss50OU9tCozI7JIywkv14,Jeezy,280013,66,0.682,0.0451,0.108
Pump It,2006,6btyEL6NwUa97Nex9cZFvo,Black Eyed Peas,213066,70,0.649,0.181,0.744
When I'm Gone,2006,4ObFZEXHQJcc8WQtqbCupZ,LECADE,130685,73,0.446,0.283,0.502
Hung Up,2006,3850dYVgOFIXJh5U4BFEWH,Madonna,337733,76,0.649,0.0452,0.405
Stay Fly,2006,5MYFw4T2gy52pOGBN4EYHS,Three 6 Mafia,236600,69,0.789,0.0331,0.647
Love,2006,26QLJMK8G0M06sk7h7Fkse,Olivia Rodrigo,154516,87,0.52,0.0968,0.677
When You're Mad,2006,5FXOEdfNW7nYQrBWtW49Cl,Ne-Yo,222000,56,0.66,0.215,0.436
Why You Wanna,2006,1g0oI97rPdYuWDIpkbtQdv,T.I.,215000,58,0.802,0.192,0.654
Stupid Girls,2006,1Ab6RxeKl3e07zP7Get7CX,P!nk,197173,59,0.683,0.071,0.566
Feel Good Inc.,2006,0d28khcov6AiegSCpG5TuT,Gorillaz,222640,84,0.818,0.177,0.772
I'm Sprung,2006,0DLOyyQvwPTSDKuhpzMMwA,T-Pain,231040,72,0.728,0.0999,0.195
Do I Make You Proud,2006,3lxFENvLW8nxXAbNfkZ7IJ,Taylor Hicks,248693,34,0.463,0.0316,0.308
For You I Will (Confidence),2006,3vvaEE4L5JQb6rakhGNQL0,Fellowship Church,375498,23,0.197,0.0377,0.106
Irreplaceable,2007,6RX5iL93VZ5fKmyvNXvF1r,Beyoncé,227853,72,0.447,0.382,0.509
Umbrella,2007,2yPoXCs7BSIUrucMdK5PzV,Rihanna,275986,73,0.583,0.134,0.575
The Sweet Escape,2007,66ZcOcouenzZEnzTJvoFmH,Gwen Stefani,246466,74,0.756,0.0343,0.73
Big Girls Don’t Cry,2007,4AniPkv5vgdE1n6VKreiyI,Fergie,268120,67,0.707,0.0337,0.249
Buy U A Drank (Shawty Snappin’),2007,1tkMs9wDPknQ3ZHcKDw1ES,T-Pain,227960,77,0.693,0.119,0.605
Before He Cheats,2007,0ZUo4YjG4saFnEJhdWp9Bt,Carrie Underwood,199946,80,0.519,0.0405,0.29
Hey There Delilah,2007,4RCWB3V8V0dignt99LZ8vH,Plain White T's,232533,79,0.656,0.0293,0.298
I Wanna Love You,2007,0CXVjQI9wsqaGeIARkkpYc,Akon,247066,75,0.866,0.0414,0.368
Say It Right,2007,2aI21FnmY7TJVKeMaoQZ0t,Nelly Furtado,223080,82,0.872,0.139,0.809
Glamorous,2007,4KTtYhxFtFL7mBwnjkKfLm,Fergie,246573,72,0.81,0.199,0.625
Don't Matter,2007,7I6DceMT3utDOHjcYCbrr4,Akon,293053,75,0.798,0.0403,0.354
Girlfriend,2007,45hOioMDJktr86iKDHC8gr,Avril Lavigne,216600,76,0.56,0.102,0.669
Makes Me Wonder,2007,1lHXlGlve5Zx8tXLhyjDwM,Maroon 5,211080,58,0.803,0.0357,0.881
Party Like a Rockstar,2007,07SajbxT3mMTKhbkGjVMBW,SHOP BOYZ,214640,42,0.656,0.0441,0.784
Smack That,2007,2kQuhkFX7uSVepCD3h29g5,Akon,212360,84,0.939,0.0467,0.924
This Is Why I'm Hot,2007,4Js2MCBgl8wupEjKewj0kT,DLU Kemp,151405,58,0.674,0.471,0.861
It's Not Over,2007,234RqTZmnDTnxWlVciXHLD,Daughtry,215026,65,0.428,0.0618,0.294
The Way I Are,2007,2bLqfJjuC5syrsgDsZfGmn,Timbaland,179120,83,0.731,0.1,0.765
Fergalicious,2007,1D066zixBwqFYqBhKgdPzp,Fergie,292373,70,0.906,0.317,0.829
Crank That (Soulja Boy),2007,66TRwr5uJwPt15mfFkzhbi,Soulja Boy,221933,77,0.736,0.0786,0.803
Give It to Me,2007,0wbDgMuAoy7O7pL3a69uZx,Timbaland,234026,77,0.975,0.0632,0.815
What Goes Around... Comes Around,2007,3pD0f7hSJg2XdQ6udw5Tey,Justin Timberlake,448573,74,0.687,0.0709,0.432
Cupid's Chokehold,2007,2Lhdl74nwwVGOE2Gv35QuK,Gym Class Heroes,243773,77,0.72,0.12,0.619
How to Save a Life,2007,5fVZC9GiM4e8vu99W0Xf6J,The Fray,262533,81,0.64,0.0379,0.361
Home,2007,4iz9lGMjU1lXS51oPmUmTe,Kanye West,203493,82,0.667,0.189,0.918
My Love,2007,3vkCueOmm7xQDoJ17W1Pm3,Mitski,137773,85,0.504,0.0321,0.121
Stronger,2007,0j2T0R9dR9qdJYsB7ciXhf,Kanye West,311866,83,0.617,0.153,0.49
We Fly High,2007,3RGyFugqjQjlL8XX0NW8dZ,Jim Jones,236080,54,0.506,0.38,0.461
U + Ur Hand,2007,1iOJQhxKSJ7dg3Dk03yPnl,P!nk,214386,67,0.709,0.0528,0.886
Walk It Out,2007,6PBAPjshd2JfEiWpdf3C2a,Unk,173040,59,0.794,0.0813,0.706
Beautiful Girls,2007,1hGy2eLcmC8eKx7qr1tOqx,Sean Kingston,225373,79,0.762,0.0687,0.769
"This Ain't a Scene, It's an Arms Race",2007,1oagRT7LfpVlNJN6FSZDGp,Fall Out Boy,212040,71,0.435,0.0636,0.408
Bartender,2007,1RGIjMFMgJxkZHMDXVYzOJ,T-Pain,238800,74,0.832,0.0628,0.436
"Pop, Lock & Drop It",2007,6DbqCKweKwVkHgRv1CI53D,Huey,261026,56,0.723,0.222,0.645
Runaway Love,2007,1xgN9KBVVoTNygpYjpXnvH,Justin Bieber,212573,56,0.754,0.0316,0.924
Rockstar,2007,0e7ipj03S05BNilyu5bRzt,Post Malone,218146,85,0.585,0.0712,0.129
Thnks fr th Mmrs,2007,3Zwu2K0Qa5sT6teCCHPShP,Fall Out Boy,203506,80,0.459,0.0623,0.588
What I've Done,2007,18lR4BzEs7e3qzc0KVkTpU,Linkin Park,205613,81,0.623,0.0324,0.287
Summer Love,2007,1MBM7CyZbwJpVbbZJnHHRg,Justin Timberlake,252973,70,0.606,0.087,0.477
You,2007,5W4kiM2cUYBJXKRudNyxjW,Morgan Wallen,157477,84,0.732,0.0345,0.629
Wait for You,2007,0U969xYNlAyfzi8P1TaO7u,Elliott Yamin,261320,59,0.764,0.0281,0.352
Last Night,2007,59uQI0PADDKeE6UZDTJEe8,Morgan Wallen,163854,87,0.517,0.0357,0.518
Make It Rain,2007,4JPCdSaqs9dJd7RatFSHww,Fat Joe,247413,62,0.744,0.197,0.767
Make Me Better,2007,0YkJU6TjjwzsVXUPRIO0DB,Fabolous,253573,62,0.607,0.0995,0.562
Ice Box,2007,5qhlC4Rzals34zxovrPzKp,Omarion,256426,59,0.775,0.134,0.821
Lips of an Angel,2007,40LQiUUUKXVGyNs09lHVjW,Hinder,261853,73,0.476,0.0343,0.251
Waiting on the World to Change,2007,5imShWWzwqfAJ9gXFpGAQh,John Mayer,201173,75,0.578,0.115,0.663
Lost Without U,2007,4V2F0DZrAXOWq9hkwMMG3x,Robin Thicke,254146,65,0.664,0.118,0.816
I'm a Flirt,2007,6w1DBbA8akxHPiBQ6nAyJq,R. Kelly,330600,60,0.835,0.102,0.902
If Everyone Cared,2007,44w63XqGr3sATAzOnOySgF,Nickelback,218013,59,0.519,0.0354,0.211
Get It Shawty,2007,2a03afRiyAbNAleOByVju4,Lloyd,209533,65,0.822,0.241,0.674
Face Down,2007,4wzjNqjKAKDU82e8uMhzmr,The Red Jumpsuit Apparatus,192000,77,0.545,0.0399,0.464
The Way I Live,2007,68Zq7PMcPIQE8ol1x3gAqw,Baby Boy Da Prince,324906,58,0.88,0.248,0.714
Shortie Like Mine,2007,6oUGAx0vkBcnGzYkvw0ZsA,Bow Wow,268066,62,0.758,0.221,0.701
It Ends Tonight,2007,1FMHNVeJ9s1x1l1WlaRs2I,The All-American Rejects,244826,61,0.454,0.0273,0.313
A Bay Bay,2007,2oWbOh3tLluqTdYL5OEDvs,Hurricane Chris,257120,53,0.577,0.514,0.702
Because of You,2007,6CFPFnS9EcLs2I0nWqtWci,Ne-Yo,266840,76,0.81,0.0356,0.828
I Tried,2007,2elA6JLRaQ6iB7hxiuTKN4,Bone Thugs-N-Harmony,287480,61,0.727,0.0742,0.378
Welcome To The Black Parade,2007,5wQnmLuC1W7ATsArWACrgW,My Chemical Romance,311106,78,0.217,0.0752,0.236
Shawty,2007,0mYoKqA23wUUj7BTEgNzjg,Plies,255413,63,0.444,0.126,0.26
Chasing Cars,2007,5hnyJvgoWiQUYZttV4wXy6,Snow Patrol,267960,82,0.56,0.0274,0.144
Beautiful Liar,2007,2HWWNoWEEEECwZhAiLg7ib,Beyoncé,199853,74,0.764,0.0703,0.418
SexyBack,2007,0O45fw2L5vsWpdsOdXwNAR,Justin Timberlake,242733,80,0.967,0.0789,0.964
Keep Holding On,2007,4UPcXTh26ilb7owtuyHqNI,Avril Lavigne,239906,64,0.162,0.038,0.138
Let It Go,2007,13HVjjWUZFaWilh2QUJKsP,James Bay,260532,70,0.546,0.0288,0.246
Apologize,2007,1NrJYpdAi7uosDRPmSYrsG,OneRepublic,208106,71,0.593,0.0339,0.502
Bubbly,2007,0rFOs9paloAvEtzwDX1Kmc,Colbie Caillat,196280,69,0.697,0.0351,0.249
Like a Boy,2007,358bOvBiZCS9fRzNYosw6c,Ciara,237053,66,0.701,0.145,0.425
Who Knew,2007,2hns6Dv29Yrg68AVTJiAyA,P!nk,208493,76,0.688,0.0274,0.46
Never Again,2007,4XkCSv4XGYhVoPu3lGjHLs,Russ,213577,61,0.449,0.374,0.396
Promise,2007,08PdFBcXzpkn1cWNgmKqhn,Laufey,234266,74,0.263,0.0344,0.0903
Bed,2007,3iL2l5gUqyPS6vDwJFgJTR,Young Money,288133,71,0.733,0.295,0.557
Throw Some D's,2007,6SmPPtaMnfxgz5duA6t9Cu,Rich Boy,263920,58,0.697,0.43,0.433
Rehab,2007,0zWbYGQq5O1KQd0iqzgjP6,Brent Faiyaz,180303,77,0.549,0.038,0.286
Big Shit Poppin' (Do It),2007,0jGgL2yxwxR0rhM2zgcvBP,Big Toodie,165041,0,0.841,0.442,0.574
No One,2007,6NvRxjfYkkT2SpirAlmsjH,Queens of the Stone Age,278706,69,0.507,0.0641,0.637
The Great Escape,2007,56Tl3UgyZTqfZtvFNS31wm,BOYS LIKE GIRLS,206520,65,0.423,0.0635,0.505
2 Step,2007,3oCE8id70ZKZI5yGC78MNX,Ramirez,168000,56,0.632,0.109,0.825
Walk Away (Remember Me),2007,0Sc9UwBpChiRKRF8DKvWKZ,Paula DeAnda,238160,54,0.672,0.0582,0.834
Go Getta,2007,03b1NUHnoavfpLLKcEMfIb,Jeezy,229346,53,0.392,0.155,0.438
Here (In Your Arms),2007,1GV98LUEVk1U3LWAkX2Apw,Hellogoodbye,240546,58,0.7,0.0359,0.774
On the Hotline,2007,1zyqZONW985Cs4osz9wlsu,Pretty Ricky,242586,61,0.704,0.183,0.688
Wind It Up,2007,3gB2n0LO6J3vWTTW4k3vBx,Gwen Stefani,190426,0,0.959,0.0546,0.944
Cyclone,2007,0x1LCpY9Rgeq97VPajm81B,Baby Bash,222053,63,0.644,0.0701,0.584
Break It Off,2007,78ul3D77noQsYjSwvwiPU1,PinkPantheress,96133,75,0.552,0.114,0.746
First Time,2007,4LesrBswFnLcHmwDslst1q,Hozier,233173,71,0.439,0.0847,0.471
Ayo Technology,2007,36Hwcla06Q5BCr59CL0sBp,50 Cent,247946,59,0.63,0.132,0.418
Outta My System,2007,3LGeYNY9aWQuBJovOOowqm,Bow Wow,238266,57,0.772,0.183,0.743
Teardrops on My Guitar,2007,7zMcNqs55Mxer82bvZFkpg,Taylor Swift,203040,68,0.621,0.0231,0.289
Shut Up and Drive,2007,4QdX6pmNnJ5cleufWQIr5D,Rihanna,212280,64,0.735,0.0349,0.74
Snow (Hey Oh),2007,2aibwv5hGXSgw7Yru8IYTO,Red Hot Chili Peppers,334666,80,0.427,0.0499,0.599
Money Maker,2007,2JpUkUR0OsOlUUfm6iS8ic,Ludacris,230613,61,0.551,0.27,0.612
Kiss Kiss,2007,3wKKkGVn7cVSfgPeYYIiXG,Chris Brown,250666,72,0.729,0.225,0.551
Far Away,2007,0ADZ5dmXhlfzjMw6lefoPl,Nickelback,238173,74,0.518,0.0309,0.293
Rock Yo Hips,2007,76dZuMVXjIyLPRLv00skGd,Crime Mob,226546,56,0.847,0.17,0.707
LoveStoned,2007,5iyE2d4U3Vc5cqY9mPTlpy,Justin Timberlake,444333,58,0.859,0.0549,0.852
Better than Me,2007,2ACs0dJwkSsvNZvEbvFurK,The Brobecks,267466,65,0.378,0.0428,0.431
Paralyzer,2007,28IEbk5a7twNTbUEvWslUb,Finger Eleven,208106,76,0.644,0.0456,0.861
That's That,2007,2Vy16OMt19FH30uQNTFdLk,MF DOOM,135066,67,0.499,0.385,0.853
Same Girl,2007,6OSmeoh8kXhCfz9WqvzDoJ,R. Kelly,252933,61,0.717,0.146,0.816
